id,name,material,test,answer,,
1,Знаки и разметка на дороге,"Знаки и разметка на дороге помогают водителям и пешеходам ориентироваться в дорожной ситуации. Знаки могут быть предупреждающими, запрещающими или предписывающими. Разметка на дороге указывает, где можно двигаться, а где нельзя. Важно знать значения знаков и следовать им, чтобы обеспечить безопасность на дороге.",1. Какие виды знаков существуют? 2. Для чего нужна разметка на дороге? 3. Почему важно следовать дорожным знакам?,"a. Предупреждающие, запрещающие, предписывающие. b. Запрещающие, разрешающие c. Треугольные, квадратные, круглые",a. Чтобы понимать скоро ли полицейский участок b. Чтобы понимать где можно двигаться а где нет c. Чтобы ездить по ним,a. Чтобы обеспечить безопасность на дороге b. Потому что их нужно нарушать c. Чтобы ходить по серидине дороги не боясь
2,Пешеходные переходы и поведение на них,"Пешеходные переходы – это специальные места для безопасного перехода дороги. Пешеходы должны всегда переходить дорогу только по переходам и убедиться, что автомобили остановились. Водители обязаны уступать дорогу пешеходам на переходах. Важно быть внимательным и не отвлекаться на гаджеты при переходе чтобы не попасть в ДТП.","1. Где пешеходы должны переходить дорогу? 2. Что должны делать водители, когда видят пешехода на переходе? 3. Почему важно не отвлекаться при переходе?",a. Перед дорожным транспортом b. По пешеходному перекрёстку c. По пешеходным переходам,a. Прибавить скорость b. Уступить дорогу c. Ничего,a. Чтобы посидеть в телефоне b. Чтобы попасть в ДТП c. Чтобы не попасть в ДТП.
3,Правила проезда перекрестков,"Перекрестки – это места, где встречаются дороги. Важно знать правила проезда перекрестков, чтобы избежать аварий. При подъезде к перекрестку нужно снизить скорость и оценить ситуацию. Если есть светофор, следуйте его сигналам. Если светофора нет, уступайте дорогу тем, кто движется справа.","1. Что нужно делать при подъезде к перекрестку? 2. Как действовать, если на перекрестке есть светофор? 3. Кому нужно уступать дорогу на перекрестке без светофора?",a. Снизить скорость и оценить ситуацию b. Прибавить скорость c. Посмотреть на светофор,a. Ничего b. Следовать его сигналам c. Подождать когда все начнут ехать,"a. Никому b. Тем, кто движется слева c. Тем, кто движется справа"
4,Правила поворотов на дороге,"При выполнении поворотов важно заранее включить поворотник, чтобы предупредить других участников движения. Перед поворотом нужно убедиться, что нет препятствий и другие автомобили не мешают. Повороты следует выполнять плавно и осторожно, особенно на перекрестках и в местах с интенсивным движением.",1. Что нужно сделать перед поворотом? 2. Почему важно включать поворотник? 3. Как следует выполнять повороты?,"a. Смотреть в телефон b. Нужно убедиться, что нет препятствий и другие автомобили не мешают c. Заехать на тротуар",a. Чтобы предупредить других участников движения b. Чтобы похвастаться c. Что бы все тебя заметили,a.Плавно и осторожно b. Резко c. Незаметно
5,Правила обгонов,"Обгон – это маневр, при котором одно транспортное средство обходит другое. Обгон следует выполнять только на участках дороги, где это разрешено. Перед обгоном убедитесь, что у вас достаточно места и времени. Не забывайте проверять зеркала и мертвые зоны чтобы случайно не врезаться.",1. Где можно делать обгон? 2. Что нужно проверить перед обгоном? 3. Почему важно следить за мертвыми зонами?,a. Никогда b. Всегда c. Где это разрешено,"a. Достаточно ли места и времени, зеркала и мёртвые зоны b. Хватит ли бензина c. Пристёгнут ли ты",a. Чтобы видеть всё и всех b. Чтобы случайно не врезаться c. Чтобы видеть мёртвых
6,Правила остановки и стоянки,"Остановка и стоянка должны осуществляться в разрешенных местах. Не оставляйте автомобиль на пешеходных переходах, остановках общественного транспорта и в местах, где это запрещено. При остановке обязательно включайте аварийную сигнализацию. Если вы не будете соблюдать правила стоянки то вы можете помешать другим.",1. Где можно оставлять автомобиль? 2. Что нужно делать при остановке? 3. Почему важно соблюдать правила стоянки?,a. В разрешённых местах b. Только на тротуаре c. Только на газоне,a. Включать аварийную сигнализацию b. Выключить машину c. Ничего,a. Чтобы не мешать другим b. Чтобы перекрывать все пути c. Чтобы все смотрели на тебя пока ты паркуешься
7,Правила движения по велосипедной дорожке,"Велосипедные дорожки предназначены для безопасного передвижения велосипедистов. На таких дорожках важно соблюдать скорость и быть внимательным к пешеходам. Если дорожка пересекает проезжую часть, необходимо остановиться и убедиться в безопасности перед продолжением движения.",1. Для чего предназначены велосипедные дорожки? 2. Как вести себя на велосипедной дорожке? 3. Что делать при пересечении проезжей части?,"a. Для обеспечения безопасности велосипедистов
b. Для парковки автомобилей
c. Для пешеходов","a. Соблюдать правила дорожного движения 
b. Игнорировать других велосипедистов
c. Ездить на максимальной скорости
","a. Убедиться в безопасности и пропустить автомобили 
b. Пересекать на красный свет
c. Игнорировать светофоры
"
8,Правила вождения на велосипеде,"При вождении на велосипеде важно носить защитный шлем и следить за состоянием велосипеда. Велосипедисты должны соблюдать правила дорожного движения, как и автомобилисты. Необходимо быть внимательным к окружающим и сигнализировать о своих намерениях, например при повороте нужно поднимать руку в нужном направлении.",1. Почему важно носить шлем при езде на велосипеде? 2. Какие правила должны соблюдать велосипедисты? 3. Как сигнализировать о своих намерениях?,"a. Для защиты головы при падении
b. Чтобы выглядеть модно
c. Чтобы не запотевали очки
","a. Следить за дорожными знаками
b. Игнорировать правила
c. Ездить по тротуарам","a. Поднимать руку в нужном направлении 
b. Кричать на других участников движения
c. Просто поворачивать без предупреждения
"
9,Правила движения по пешеходным зонам,"Пешеходные зоны предназначены для безопасного передвижения людей. В этих зонах запрещено движение автомобилей. Пешеходы могут свободно передвигаться, но должны быть внимательны к другим людям и соблюдать порядок.",1. Для чего предназначены пешеходные зоны? 2. Можно ли ездить на автомобиле в пешеходной зоне? 3. Как вести себя в пешеходной зоне?,"a. Для безопасного передвижения пешеходов
b. Для парковки автомобилей
c. Для велосипедистов","a. Нет, это запрещено 
b. Да, если нет пешеходов
c. Да, в любое время","a. Быть внимательным и уважать других 
b. Игнорировать пешеходов
c. Говорить громко по телефону"
10,Правила вождения на самокате,"При вождении на самокате важно соблюдать правила дорожного движения. Используйте защитные средства, такие как шлем. Двигайтесь по велосипедным дорожкам или пешеходным зонам, избегая проезжей части. Будьте внимательны к пешеходам и другим участникам движения.",1. Какие защитные средства нужно использовать при езде на самокате? 2. Где можно ездить на самокате? 3. Почему важно быть внимательным на дороге?,"a. Шлем и защитные наколенники 
b. Только стильную одежду
c. Очки для солнца","a. На велосипедных дорожках и в парках 
b. На тротуарах и в пешеходных зонах
c. На проезжей части без ограничений
","a. Чтобы избежать аварий 
b. Чтобы быстрее доехать до места
c. Чтобы не скучать"
11,Правила движения пешеходов по дороге,"Пешеходы должны двигаться по тротуарам, а если их нет – по обочине, против движения автомобилей. При переходе дороги нужно убедиться в безопасности и использовать пешеходные переходы. Важно быть внимательным и не отвлекаться на гаджеты.",1. Где должны ходить пешеходы? 2. Как правильно переходить дорогу? 3. Почему важно не отвлекаться на гаджеты?,"a. На тротуарах
b. На проезжей части
c. Везде, где удобно
","a. На зеленый свет светофора
b. В любом месте, где хочется
c. На красный свет, если нет машин","a. Это может привести к авариям 
b. Чтобы не потерять заряд батареи
c. Чтобы не пропустить сообщения
"
12,Правила вождения на роликах,"При катании на роликах важно носить защитное снаряжение, включая шлем и наколенники. Двигайтесь по специально отведенным местам, избегая проезжей части. Будьте внимательны к пешеходам и другим роллерам, соблюдайте дистанцию и правила дорожного движения.",1. Какое защитное снаряжение нужно носить при катании на роликах? 2. Где можно кататься на роликах? 3. Почему важно соблюдать дистанцию?,"a. Шлем и защитные наколенники 
b. Только стильную обувь
c. Очки для солнца","a. На специальных площадках и в парках 
b. На проезжей части
c. В пешеходных зонах
","a. Чтобы избежать столкновений 
b. Чтобы не потерять скорость
c. Чтобы показать свою ловкость"
13,Правила поведения автопассажиров,"Автопассажиры должны пристегиваться ремнями безопасности и не отвлекать водителя. Важно вести себя спокойно и не мешать ему управлять автомобилем. При выходе из автомобиля убедитесь, что это безопасно, и не открывайте двери, не проверив обстановку.",1. Почему важно пристегиваться ремнем безопасности? 2. Как вести себя в автомобиле? 3. Что нужно делать перед выходом из автомобиля?,"a. Для защиты при аварии 
b. Чтобы не испачкать одежду
c. Чтобы не потерять вещи в машине","a. Соблюдать спокойствие и не мешать водителю 
b. Разговаривать громко и отвлекать водителя
c. Играть в игры на телефоне","a. Убедиться в безопасности и посмотреть по сторонам 
b. Открыть дверь и сразу выйти
c. Поставить машину на ручной тормоз"
14,Правила обращения с гаджетами во время движения,"Использование гаджетов во время движения может отвлекать водителя и приводить к авариям. Важно не использовать телефон для звонков или сообщений, а также не смотреть видео. Если необходимо использовать гаджет, лучше остановиться в безопасном месте.","1. Почему нельзя использовать гаджеты во время движения? 2. Что делать, если нужно использовать телефон? 3. Как гаджеты могут повлиять на безопасность?","a. Это отвлекает водителя и может привести к аварии 
b. Чтобы не разрядить телефон
c. Чтобы не отвлекать пассажиров",,
15,Знаки регулирования дорожного движения,"Знаки регулирования дорожного движения помогают организовать движение и обеспечивают безопасность. К ним относятся знаки «Стоп», «Уступи дорогу», а также светофоры. Важно знать их значения и следовать указаниям, чтобы избежать аварий.",1. Какие знаки относятся к регулированию дорожного движения? 2. Почему важно знать значения дорожных знаков? 3. Как знаки помогают обеспечить безопасность?,,,
16,Правила движения по магистралям,"На магистралях движение осуществляется с высокой скоростью, поэтому важно соблюдать правила. Необходимо использовать правую полосу для движения, а обгонять – только слева. Следите за знаками и разметкой, а также за расстоянием до других автомобилей.",1. Какое правило нужно соблюдать на магистралях? 2. Где можно обгонять на магистрали? 3. Почему важно следить за расстоянием до других автомобилей?,,,
17,Правила вождения на дорогах с различным покрытием,"Дороги могут иметь разные покрытия: асфальт, гравий, снег и лед. Важно адаптировать скорость и стиль вождения в зависимости от состояния дороги. На скользких участках следует быть особенно осторожным и избегать резких маневров.",1. Как влияет покрытие дороги на вождение? 2. Что нужно делать на скользких участках? 3. Почему важно адаптировать скорость?,,,
18,Правила обращения с животными на дороге,"Если вы видите животное на дороге, необходимо снизить скорость и быть готовым остановиться. Не пытайтесь объехать животное, если это может привести к аварии. Если животное сбито, сообщите об этом в соответствующие службы.","1. Что делать, если вы видите животное на дороге? 2. Почему нельзя пытаться объехать животное? 3. Как действовать, если животное сбито?",,,
19,Правила вождения на общественном транспорте,"Водители общественного транспорта должны соблюдать правила дорожного движения и обеспечивать безопасность пассажиров. Пассажиры, в свою очередь, должны вести себя спокойно, не мешать водителю и соблюдать правила поведения в транспорте.",1. Какие правила должны соблюдать водители общественного транспорта? 2. Как должны вести себя пассажиры? 3. Почему важно соблюдать правила в общественном транспорте?,,,
20,Правила преодоления препятствий на дороге,"При встрече с препятствием на дороге важно заранее оценить ситуацию. Если препятствие можно объехать, сделайте это осторожно, убедившись в безопасности. Если нет, остановитесь и дождитесь помощи.",1. Что делать при встрече с препятствием на дороге? 2. Как оценить ситуацию с препятствием? 3. Почему важно быть осторожным?,,,
21,Правила оказания помощи на дороге,"Если вы стали свидетелем аварии, важно оказать помощь пострадавшим, если это безопасно. Позвоните в экстренные службы и сообщите о происшествии. Не перемещайте пострадавших, если это не необходимо, чтобы не усугубить травмы.","1. Что делать, если вы стали свидетелем аварии? 2. Почему нельзя перемещать пострадавших без необходимости? 3. Как сообщить о происшествии?",,,
22,Знаки ограничения скорости,"Знаки ограничения скорости указывают максимальную скорость, с которой можно двигаться на данном участке дороги. Соблюдение этих знаков помогает предотвратить аварии и обеспечивает безопасность. Важно следить за знаками и адаптировать скорость в зависимости от условий. Например, в населенных пунктах скорость может быть ниже, чем на трассах. Также учитывайте погодные условия и состояние дороги.",1. Для чего нужны знаки ограничения скорости? 2. Как соблюдение знаков влияет на безопасность? 3. Как изменяются ограничения скорости в зависимости от условий?,,,
23,Правила движения в условиях плохой видимости,"В условиях плохой видимости, таких как туман, дождь или ночь, важно быть особенно внимательным. Используйте фары, чтобы улучшить видимость, и снижайте скорость. Убедитесь, что у вас достаточно расстояния для остановки. Также следите за другими участниками движения и будьте готовы к неожиданным ситуациям. Помните, что в таких условиях ваша реакция должна быть быстрой и точной.",1. Как следует вести себя в условиях плохой видимости? 2. Почему важно использовать фары? 3. Как скорость влияет на безопасность в таких условиях?,,,
24,Правила вождения в условиях дождя или снегопада,"Вождение в дождь или снег требует особого внимания. Снижайте скорость, чтобы избежать аквапланирования или скольжения. Убедитесь, что ваши шины в хорошем состоянии, а стеклоочистители работают. Держите безопасное расстояние до впереди идущего автомобиля, чтобы иметь возможность остановиться в случае необходимости. Будьте готовы к изменению дорожных условий и следите за знаками.",1. Как изменяется поведение автомобиля в дождь или снег? 2. Почему важно снижать скорость в таких условиях? 3. Какие меры предосторожности следует принимать при вождении в плохую погоду?,,,
25,Правила поведения в экстремальных ситуациях на дороге,"В экстремальных ситуациях, таких как авария или потеря управления, важно сохранять спокойствие. Если вы попали в аварию, проверьте состояние всех участников и вызовите помощь. Если вы теряете управление, не делайте резких движений, а постарайтесь плавно вернуть автомобиль на дорогу. Знайте, как действовать в различных ситуациях, чтобы минимизировать последствия и обеспечить безопасность.","1. Каковы основные действия при попадании в аварию? 2. Что делать, если вы теряете управление автомобилем? 3. Как сохранить спокойствие в экстремальных ситуациях?",,,